<?xml version="1.0" encoding="ISO-8859-1"?>
<model version="2.1">
  <id>bda34f46-e72c-42d1-8295-3a66d032f310</id>
  <name>Hallo</name>
  <changecounter>8</changecounter>
  <sib>
    <id>6f207dce-6438-4bdf-be8a-fea334faba2f</id>
    <name>ResolveRelativePath</name>
    <label>ResolveRelativePath</label>
    <sib-uid>io-sibs/ResolveRelativePath</sib-uid>
    <taxonomy>de.jabc.sib.common.io.ResolveRelativePath</taxonomy>
    <position>29.5,48.0</position>
    <parameter name="baseDirectory">
      <de.metaframe.common.sib.parameter.ContextExpression>
        <ContextExpressionFoundation>
          <expression>${baseDirectory}</expression>
          <clazz>java.lang.Object</clazz>
          <classMutable>false</classMutable>
        </ContextExpressionFoundation>
      </de.metaframe.common.sib.parameter.ContextExpression>
    </parameter>
    <parameter name="inputFile">
      <de.metaframe.common.sib.parameter.ContextExpression>
        <ContextExpressionFoundation>
          <expression>projects/HelloWorldDemo/Hello.txt</expression>
          <clazz>java.lang.Object</clazz>
          <classMutable>false</classMutable>
        </ContextExpressionFoundation>
      </de.metaframe.common.sib.parameter.ContextExpression>
    </parameter>
    <parameter name="outputFile">
      <de.metaframe.jabc.framework.sib.parameter.ContextKey>
        <ContextKeyFoundation>
          <key>dataFile</key>
          <scope>LOCAL</scope>
          <scopeMutable>true</scopeMutable>
        </ContextKeyFoundation>
      </de.metaframe.jabc.framework.sib.parameter.ContextKey>
    </parameter>
    <finalbranches>default</finalbranches>
    <finalbranches>error</finalbranches>
    <userobject key="ABC$START">
      <boolean>true</boolean>
    </userobject>
  </sib>
  <sib>
    <id>f1ce7846-51ed-41a4-a645-d460a66f2d31</id>
    <name>CheckPath</name>
    <label>CheckPath</label>
    <sib-uid>io-sibs/CheckPath</sib-uid>
    <taxonomy>de.jabc.sib.common.io.CheckPath</taxonomy>
    <position>191.5,48.0</position>
    <parameter name="file">
      <de.metaframe.common.sib.parameter.ContextExpression>
        <ContextExpressionFoundation>
          <expression>${dataFile}</expression>
          <clazz>java.lang.Object</clazz>
          <classMutable>false</classMutable>
        </ContextExpressionFoundation>
      </de.metaframe.common.sib.parameter.ContextExpression>
    </parameter>
    <finalbranches>directory</finalbranches>
    <finalbranches>error</finalbranches>
    <finalbranches>file</finalbranches>
    <finalbranches>non-existent</finalbranches>
    <finalbranches>unknown</finalbranches>
  </sib>
  <edge>
    <source>6f207dce-6438-4bdf-be8a-fea334faba2f</source>
    <target>f1ce7846-51ed-41a4-a645-d460a66f2d31</target>
    <point>90.0,75.0</point>
    <point>225.0,75.0</point>
    <labelposition>500.0,0.0</labelposition>
    <branch>default</branch>
  </edge>
  <sib>
    <id>2682d483-7f66-4af8-a6f9-b92d13871cc1</id>
    <name>WriteTextFile</name>
    <label>WriteTextFile</label>
    <sib-uid>io-sibs/WriteTextFile</sib-uid>
    <taxonomy>de.jabc.sib.common.io.WriteTextFile</taxonomy>
    <position>350.5,48.0</position>
    <parameter name="encoding">
      <string>ISO-8859-1</string>
    </parameter>
    <parameter name="file">
      <de.metaframe.common.sib.parameter.ContextExpression>
        <ContextExpressionFoundation>
          <expression>${dataFile}</expression>
          <clazz>java.lang.Object</clazz>
          <classMutable>false</classMutable>
        </ContextExpressionFoundation>
      </de.metaframe.common.sib.parameter.ContextExpression>
    </parameter>
    <parameter name="text">
      <de.metaframe.common.sib.parameter.ContextExpression>
        <ContextExpressionFoundation>
          <expression>Hello$World</expression>
          <clazz>java.lang.Object</clazz>
          <classMutable>false</classMutable>
        </ContextExpressionFoundation>
      </de.metaframe.common.sib.parameter.ContextExpression>
    </parameter>
    <finalbranches>default</finalbranches>
    <finalbranches>error</finalbranches>
  </sib>
  <edge>
    <source>f1ce7846-51ed-41a4-a645-d460a66f2d31</source>
    <target>2682d483-7f66-4af8-a6f9-b92d13871cc1</target>
    <point>225.0,75.0</point>
    <point>390.0,75.0</point>
    <labelposition>500.0,0.0</labelposition>
    <branch>non-existent</branch>
  </edge>
  <edge>
    <source>f1ce7846-51ed-41a4-a645-d460a66f2d31</source>
    <target>c659b0ba-cc61-4fe5-8da7-d879bdfbcd0f</target>
    <point>243.0,78.43636363636364</point>
    <point>372.0,160.52727272727273</point>
    <labelposition>500.0,0.0</labelposition>
    <branch>file</branch>
  </edge>
  <edge>
    <source>2682d483-7f66-4af8-a6f9-b92d13871cc1</source>
    <target>c659b0ba-cc61-4fe5-8da7-d879bdfbcd0f</target>
    <point>390.0,84.0</point>
    <point>390.0,153.0</point>
    <labelposition>500.0,0.0</labelposition>
    <branch>default</branch>
  </edge>
  <sib>
    <id>c659b0ba-cc61-4fe5-8da7-d879bdfbcd0f</id>
    <name>ReadTextFile</name>
    <label>ReadTextFile</label>
    <sib-uid>io-sibs/ReadTextFile</sib-uid>
    <taxonomy>de.jabc.sib.common.io.ReadTextFile</taxonomy>
    <position>350.5,153.0</position>
    <parameter name="encoding">
      <string>ISO-8859-1</string>
    </parameter>
    <parameter name="file">
      <de.metaframe.common.sib.parameter.ContextExpression>
        <ContextExpressionFoundation>
          <expression>${dataFile}</expression>
          <clazz>java.lang.Object</clazz>
          <classMutable>false</classMutable>
        </ContextExpressionFoundation>
      </de.metaframe.common.sib.parameter.ContextExpression>
    </parameter>
    <parameter name="variable">
      <de.metaframe.jabc.framework.sib.parameter.ContextKey>
        <ContextKeyFoundation>
          <key>fileStringOld</key>
          <scope>LOCAL</scope>
          <scopeMutable>true</scopeMutable>
        </ContextKeyFoundation>
      </de.metaframe.jabc.framework.sib.parameter.ContextKey>
    </parameter>
    <finalbranches>default</finalbranches>
    <finalbranches>error</finalbranches>
  </sib>
  <sib>
    <id>3fe1a065-2e95-4524-8419-9587c2527c74</id>
    <name>SplitString</name>
    <label>SplitString</label>
    <sib-uid>ed9b73d3-2578-4953-b650-2d9f4fa9a2ac</sib-uid>
    <taxonomy>string.SplitString</taxonomy>
    <position>491.5,153.0</position>
    <parameter name="delimiter">
      <de.metaframe.common.sib.parameter.ContextExpression>
        <ContextExpressionFoundation>
          <expression>$</expression>
          <clazz>java.lang.Object</clazz>
          <classMutable>true</classMutable>
        </ContextExpressionFoundation>
      </de.metaframe.common.sib.parameter.ContextExpression>
    </parameter>
    <parameter name="inputString">
      <de.metaframe.common.sib.parameter.ContextExpression>
        <ContextExpressionFoundation>
          <expression>${fileStringOld}</expression>
          <clazz>java.lang.Object</clazz>
          <classMutable>true</classMutable>
        </ContextExpressionFoundation>
      </de.metaframe.common.sib.parameter.ContextExpression>
    </parameter>
    <parameter name="outputList">
      <de.metaframe.jabc.framework.sib.parameter.ContextKey>
        <ContextKeyFoundation>
          <key>List</key>
          <scope>LOCAL</scope>
          <scopeMutable>true</scopeMutable>
        </ContextKeyFoundation>
      </de.metaframe.jabc.framework.sib.parameter.ContextKey>
    </parameter>
    <finalbranches>default</finalbranches>
    <finalbranches>error</finalbranches>
  </sib>
  <edge>
    <source>c659b0ba-cc61-4fe5-8da7-d879bdfbcd0f</source>
    <target>3fe1a065-2e95-4524-8419-9587c2527c74</target>
    <point>390.0,180.0</point>
    <point>380.0,251.0</point>
    <branch>default</branch>
  </edge>
  <edge>
    <source>3fe1a065-2e95-4524-8419-9587c2527c74</source>
    <target>be553add-eac4-4104-aadc-dcfbcadc6128</target>
    <point>543.0,172.2</point>
    <point>642.0,172.2</point>
    <labelposition>500.0,0.0</labelposition>
    <branch>default</branch>
  </edge>
  <sib>
    <id>dc7c4917-02d1-4d25-a564-ca590192a6d0</id>
    <name>JoinString</name>
    <label>JoinString</label>
    <sib-uid>d89c6b77-76ad-4a6f-889b-7b8933364d6e</sib-uid>
    <taxonomy>string.JoinString</taxonomy>
    <position>764.0,153.0</position>
    <parameter name="delimiter">
      <de.metaframe.common.sib.parameter.ContextExpression>
        <ContextExpressionFoundation>
          <expression>$</expression>
          <clazz>java.lang.Object</clazz>
          <classMutable>true</classMutable>
        </ContextExpressionFoundation>
      </de.metaframe.common.sib.parameter.ContextExpression>
    </parameter>
    <parameter name="inputList">
      <de.metaframe.jabc.framework.sib.parameter.ContextKey>
        <ContextKeyFoundation>
          <key>List</key>
          <scope>LOCAL</scope>
          <scopeMutable>true</scopeMutable>
        </ContextKeyFoundation>
      </de.metaframe.jabc.framework.sib.parameter.ContextKey>
    </parameter>
    <parameter name="outputString">
      <de.metaframe.jabc.framework.sib.parameter.ContextKey>
        <ContextKeyFoundation>
          <key>fileStringNew</key>
          <scope>LOCAL</scope>
          <scopeMutable>true</scopeMutable>
        </ContextKeyFoundation>
      </de.metaframe.jabc.framework.sib.parameter.ContextKey>
    </parameter>
    <finalbranches>default</finalbranches>
    <finalbranches>error</finalbranches>
  </sib>
  <edge>
    <source>be553add-eac4-4104-aadc-dcfbcadc6128</source>
    <target>dc7c4917-02d1-4d25-a564-ca590192a6d0</target>
    <point>813.0,210.6</point>
    <point>897.0,179.1</point>
    <labelposition>500.0,0.0</labelposition>
    <branch>default</branch>
  </edge>
  <sib>
    <id>79e771da-1354-4c04-847d-7260a34af4e7</id>
    <name>WriteTextFile_1</name>
    <label>WriteTextFile</label>
    <sib-uid>io-sibs/WriteTextFile</sib-uid>
    <taxonomy>de.jabc.sib.common.io.WriteTextFile</taxonomy>
    <position>1025.5,153.0</position>
    <parameter name="encoding">
      <string>ISO-8859-1</string>
    </parameter>
    <parameter name="file">
      <de.metaframe.common.sib.parameter.ContextExpression>
        <ContextExpressionFoundation>
          <expression>${dataFile}</expression>
          <clazz>java.lang.Object</clazz>
          <classMutable>false</classMutable>
        </ContextExpressionFoundation>
      </de.metaframe.common.sib.parameter.ContextExpression>
    </parameter>
    <parameter name="text">
      <de.metaframe.common.sib.parameter.ContextExpression>
        <ContextExpressionFoundation>
          <expression>${fileStringNew}</expression>
          <clazz>java.lang.Object</clazz>
          <classMutable>false</classMutable>
        </ContextExpressionFoundation>
      </de.metaframe.common.sib.parameter.ContextExpression>
    </parameter>
    <finalbranches>default</finalbranches>
    <finalbranches>error</finalbranches>
  </sib>
  <sib>
    <id>be553add-eac4-4104-aadc-dcfbcadc6128</id>
    <name>ReverseList</name>
    <label>ReverseList</label>
    <sib-uid>collection-sibs/ReverseList</sib-uid>
    <taxonomy>de.jabc.sib.common.collection.ReverseList</taxonomy>
    <position>623.0,153.0</position>
    <parameter name="list">
      <de.metaframe.jabc.framework.sib.parameter.ContextKey>
        <ContextKeyFoundation>
          <key>List</key>
          <scope>LOCAL</scope>
          <scopeMutable>true</scopeMutable>
        </ContextKeyFoundation>
      </de.metaframe.jabc.framework.sib.parameter.ContextKey>
    </parameter>
    <finalbranches>default</finalbranches>
    <finalbranches>error</finalbranches>
  </sib>
  <sib>
    <id>a94ca4ba-faa0-4183-99f6-c0b26cf239ff</id>
    <name>ShowTextDialog</name>
    <label>ShowTextDialog</label>
    <sib-uid>gui-sibs/ShowTextDialog</sib-uid>
    <taxonomy>de.jabc.sib.common.gui.ShowTextDialog</taxonomy>
    <position>881.0,153.0</position>
    <parameter name="dialogTitle">
      <de.metaframe.common.sib.parameter.ContextExpression>
        <ContextExpressionFoundation>
          <expression>Title</expression>
          <clazz>java.lang.Object</clazz>
          <classMutable>false</classMutable>
        </ContextExpressionFoundation>
      </de.metaframe.common.sib.parameter.ContextExpression>
    </parameter>
    <parameter name="fontFamily">
      <de.metaframe.common.sib.parameter.ListBox>
        <ListBoxFoundation>
          <list>
            <string>Monospaced</string>
            <string>SansSerif</string>
            <string>Serif</string>
          </list>
          <selected>1</selected>
        </ListBoxFoundation>
      </de.metaframe.common.sib.parameter.ListBox>
    </parameter>
    <parameter name="messageText">
      <de.metaframe.common.sib.parameter.ContextExpression>
        <ContextExpressionFoundation>
          <expression>old: ${fileStringOld}
new: ${fileStringNew}</expression>
          <clazz>java.lang.Object</clazz>
          <classMutable>false</classMutable>
        </ContextExpressionFoundation>
      </de.metaframe.common.sib.parameter.ContextExpression>
    </parameter>
    <finalbranches>error</finalbranches>
    <finalbranches>ok</finalbranches>
  </sib>
  <edge>
    <source>dc7c4917-02d1-4d25-a564-ca590192a6d0</source>
    <target>a94ca4ba-faa0-4183-99f6-c0b26cf239ff</target>
    <point>795.0,180.0</point>
    <point>951.0,171.0</point>
    <branch>default</branch>
  </edge>
  <edge>
    <source>a94ca4ba-faa0-4183-99f6-c0b26cf239ff</source>
    <target>79e771da-1354-4c04-847d-7260a34af4e7</target>
    <point>930.0,180.0</point>
    <point>1056.0,172.0</point>
    <branch>ok</branch>
  </edge>
  <values/>
</model>