<?xml version="1.0" encoding="ISO-8859-1"?>
<model version="2.1">
  <id>ce30ee08-ad99-41bf-8b0c-ef8bf88ebe56</id>
  <name>&lt;New&gt;</name>
  <changecounter>14</changecounter>
  <sib>
    <id>d3cc798a-038e-4fff-b68e-695f652f7ac3</id>
    <name>PutList</name>
    <label>init taskList</label>
    <sib-uid>collection-sibs/PutList</sib-uid>
    <taxonomy>de.jabc.sib.common.collection.PutList</taxonomy>
    <position>38.5,63.0</position>
    <parameter name="elements">
      <list/>
    </parameter>
    <parameter name="initialCapacity">
      <int>10</int>
    </parameter>
    <parameter name="synchronization">
      <boolean>false</boolean>
    </parameter>
    <parameter name="variable">
      <de.metaframe.jabc.framework.sib.parameter.ContextKey>
        <ContextKeyFoundation>
          <key>List</key>
          <scope>LOCAL</scope>
          <scopeMutable>true</scopeMutable>
        </ContextKeyFoundation>
      </de.metaframe.jabc.framework.sib.parameter.ContextKey>
    </parameter>
    <finalbranches>default</finalbranches>
    <finalbranches>error</finalbranches>
    <userobject key="ABC$START">
      <boolean>true</boolean>
    </userobject>
  </sib>
  <sib>
    <id>2d273dd5-8576-457d-b4e3-5048a7968203</id>
    <name>GetSize</name>
    <label>get size(taskList)</label>
    <sib-uid>collection-sibs/GetSize</sib-uid>
    <taxonomy>de.jabc.sib.common.collection.GetSize</taxonomy>
    <position>211.0,498.0</position>
    <parameter name="collection">
      <de.metaframe.jabc.framework.sib.parameter.ContextKey>
        <ContextKeyFoundation>
          <key>List</key>
          <scope>DECLARED</scope>
          <scopeMutable>true</scopeMutable>
        </ContextKeyFoundation>
      </de.metaframe.jabc.framework.sib.parameter.ContextKey>
    </parameter>
    <parameter name="size">
      <de.metaframe.jabc.framework.sib.parameter.ContextKey>
        <ContextKeyFoundation>
          <key>size</key>
          <scope>LOCAL</scope>
          <scopeMutable>true</scopeMutable>
        </ContextKeyFoundation>
      </de.metaframe.jabc.framework.sib.parameter.ContextKey>
    </parameter>
    <finalbranches>default</finalbranches>
    <finalbranches>error</finalbranches>
  </sib>
  <sib>
    <id>2ab21bee-1c2d-4948-b29f-9ec412132113</id>
    <name>CompareNumber</name>
    <label>compare to 1</label>
    <sib-uid>basic-sibs/CompareNumber</sib-uid>
    <taxonomy>de.jabc.sib.common.basic.CompareNumber</taxonomy>
    <position>356.0,498.0</position>
    <parameter name="value">
      <double>1.0</double>
    </parameter>
    <parameter name="variable">
      <de.metaframe.jabc.framework.sib.parameter.ContextKey>
        <ContextKeyFoundation>
          <key>size</key>
          <scope>DECLARED</scope>
          <scopeMutable>true</scopeMutable>
        </ContextKeyFoundation>
      </de.metaframe.jabc.framework.sib.parameter.ContextKey>
    </parameter>
    <finalbranches>equal</finalbranches>
    <finalbranches>error</finalbranches>
    <finalbranches>greater</finalbranches>
    <finalbranches>less</finalbranches>
  </sib>
  <edge>
    <source>2d273dd5-8576-457d-b4e3-5048a7968203</source>
    <target>2ab21bee-1c2d-4948-b29f-9ec412132113</target>
    <point>260.0,525.0</point>
    <point>395.0,525.0</point>
    <labelposition>500.0,0.0</labelposition>
    <branch>default</branch>
  </edge>
  <sib>
    <id>47bad899-ca43-4013-a6e4-2c981eec3300</id>
    <name>ShowMessageDialog_1</name>
    <label>finish more than one task</label>
    <sib-uid>gui-sibs/ShowMessageDialog</sib-uid>
    <taxonomy>de.jabc.sib.common.gui.ShowMessageDialog</taxonomy>
    <position>425.5,348.0</position>
    <parameter name="dialogTitle">
      <de.metaframe.common.sib.parameter.ContextExpression>
        <ContextExpressionFoundation>
          <expression>Title</expression>
          <clazz>java.lang.Object</clazz>
          <classMutable>false</classMutable>
        </ContextExpressionFoundation>
      </de.metaframe.common.sib.parameter.ContextExpression>
    </parameter>
    <parameter name="messageText">
      <de.metaframe.common.sib.parameter.ContextExpression>
        <ContextExpressionFoundation>
          <expression>which task do you want to finish?</expression>
          <clazz>java.lang.Object</clazz>
          <classMutable>false</classMutable>
        </ContextExpressionFoundation>
      </de.metaframe.common.sib.parameter.ContextExpression>
    </parameter>
    <parameter name="messageType">
      <de.metaframe.common.sib.parameter.ListBox>
        <ListBoxFoundation>
          <list>
            <string>Plain</string>
            <string>Information</string>
            <string>Question</string>
            <string>Warning</string>
            <string>Error</string>
          </list>
          <selected>1</selected>
        </ListBoxFoundation>
      </de.metaframe.common.sib.parameter.ListBox>
    </parameter>
    <finalbranches>error</finalbranches>
    <finalbranches>ok</finalbranches>
  </sib>
  <sib>
    <id>dbcfbc97-2c9d-4216-ad7d-f16a6fd1531f</id>
    <name>ShowMessageDialog_2</name>
    <label>finish order</label>
    <sib-uid>gui-sibs/ShowMessageDialog</sib-uid>
    <taxonomy>de.jabc.sib.common.gui.ShowMessageDialog</taxonomy>
    <position>736.0,498.0</position>
    <parameter name="dialogTitle">
      <de.metaframe.common.sib.parameter.ContextExpression>
        <ContextExpressionFoundation>
          <expression>Title</expression>
          <clazz>java.lang.Object</clazz>
          <classMutable>false</classMutable>
        </ContextExpressionFoundation>
      </de.metaframe.common.sib.parameter.ContextExpression>
    </parameter>
    <parameter name="messageText">
      <de.metaframe.common.sib.parameter.ContextExpression>
        <ContextExpressionFoundation>
          <expression>set order to finished</expression>
          <clazz>java.lang.Object</clazz>
          <classMutable>false</classMutable>
        </ContextExpressionFoundation>
      </de.metaframe.common.sib.parameter.ContextExpression>
    </parameter>
    <parameter name="messageType">
      <de.metaframe.common.sib.parameter.ListBox>
        <ListBoxFoundation>
          <list>
            <string>Plain</string>
            <string>Information</string>
            <string>Question</string>
            <string>Warning</string>
            <string>Error</string>
          </list>
          <selected>1</selected>
        </ListBoxFoundation>
      </de.metaframe.common.sib.parameter.ListBox>
    </parameter>
    <finalbranches>error</finalbranches>
    <finalbranches>ok</finalbranches>
    <userobject key="TRACER$BREAKPOINT">
      <boolean>true</boolean>
    </userobject>
  </sib>
  <edge>
    <source>2ab21bee-1c2d-4948-b29f-9ec412132113</source>
    <target>dbcfbc97-2c9d-4216-ad7d-f16a6fd1531f</target>
    <point>395.0,525.0</point>
    <point>770.0,525.0</point>
    <labelposition>500.0,0.0</labelposition>
    <branch>less</branch>
  </edge>
  <edge>
    <source>2ab21bee-1c2d-4948-b29f-9ec412132113</source>
    <target>47bad899-ca43-4013-a6e4-2c981eec3300</target>
    <point>395.0,525.0</point>
    <point>500.0,375.0</point>
    <labelposition>500.0,0.0</labelposition>
    <branch>greater</branch>
  </edge>
  <sib>
    <id>2809b940-1ec3-43bf-9cba-379fc59b2612</id>
    <name>ShowInputDialog_1</name>
    <label>choose task</label>
    <sib-uid>gui-sibs/ShowInputDialog</sib-uid>
    <taxonomy>de.jabc.sib.common.gui.ShowInputDialog</taxonomy>
    <position>599.5,348.0</position>
    <parameter name="dialogTitle">
      <de.metaframe.common.sib.parameter.ContextExpression>
        <ContextExpressionFoundation>
          <expression>Title</expression>
          <clazz>java.lang.Object</clazz>
          <classMutable>false</classMutable>
        </ContextExpressionFoundation>
      </de.metaframe.common.sib.parameter.ContextExpression>
    </parameter>
    <parameter name="initialValue">
      <de.metaframe.common.sib.parameter.ContextExpression>
        <ContextExpressionFoundation>
          <expression></expression>
          <clazz>java.lang.Integer</clazz>
          <classMutable>true</classMutable>
        </ContextExpressionFoundation>
      </de.metaframe.common.sib.parameter.ContextExpression>
    </parameter>
    <parameter name="messageText">
      <de.metaframe.common.sib.parameter.ContextExpression>
        <ContextExpressionFoundation>
          <expression>${List} (please type a number less than ${size})</expression>
          <clazz>java.lang.Object</clazz>
          <classMutable>false</classMutable>
        </ContextExpressionFoundation>
      </de.metaframe.common.sib.parameter.ContextExpression>
    </parameter>
    <parameter name="messageType">
      <de.metaframe.common.sib.parameter.ListBox>
        <ListBoxFoundation>
          <list>
            <string>Plain</string>
            <string>Information</string>
            <string>Question</string>
            <string>Warning</string>
            <string>Error</string>
          </list>
          <selected>2</selected>
        </ListBoxFoundation>
      </de.metaframe.common.sib.parameter.ListBox>
    </parameter>
    <parameter name="possibleValues">
      <list/>
    </parameter>
    <parameter name="selection">
      <de.metaframe.jabc.framework.sib.parameter.ContextKey>
        <ContextKeyFoundation>
          <key>index</key>
          <scope>LOCAL</scope>
          <scopeMutable>true</scopeMutable>
        </ContextKeyFoundation>
      </de.metaframe.jabc.framework.sib.parameter.ContextKey>
    </parameter>
    <finalbranches>cancel</finalbranches>
    <finalbranches>error</finalbranches>
    <finalbranches>ok</finalbranches>
  </sib>
  <edge>
    <source>47bad899-ca43-4013-a6e4-2c981eec3300</source>
    <target>2809b940-1ec3-43bf-9cba-379fc59b2612</target>
    <point>500.0,375.0</point>
    <point>635.0,375.0</point>
    <labelposition>500.0,0.0</labelposition>
    <branch>ok</branch>
  </edge>
  <sib>
    <id>aa204d84-267d-4b30-aba8-67958e5090dc</id>
    <name>CompareNumber_1</name>
    <label>legal index?</label>
    <sib-uid>basic-sibs/CompareNumber</sib-uid>
    <taxonomy>de.jabc.sib.common.basic.CompareNumber</taxonomy>
    <position>750.5,333.0</position>
    <parameter name="value">
      <double>0.0</double>
    </parameter>
    <parameter name="variable">
      <de.metaframe.jabc.framework.sib.parameter.ContextKey>
        <ContextKeyFoundation>
          <key>comparison</key>
          <scope>DECLARED</scope>
          <scopeMutable>true</scopeMutable>
        </ContextKeyFoundation>
      </de.metaframe.jabc.framework.sib.parameter.ContextKey>
    </parameter>
    <finalbranches>equal</finalbranches>
    <finalbranches>error</finalbranches>
    <finalbranches>greater</finalbranches>
    <finalbranches>less</finalbranches>
  </sib>
  <sib>
    <id>b9dd7dc0-5c00-4d6e-aa52-6370ddf20b1a</id>
    <name>PutExpression</name>
    <label>PutExpression</label>
    <sib-uid>basic-sibs/PutExpression</sib-uid>
    <taxonomy>de.jabc.sib.common.basic.PutExpression</taxonomy>
    <position>683.5,423.0</position>
    <parameter name="resolve">
      <boolean>true</boolean>
    </parameter>
    <parameter name="value">
      <de.metaframe.common.sib.parameter.ContextExpression>
        <ContextExpressionFoundation>
          <expression>${size-index}</expression>
          <clazz>java.lang.Object</clazz>
          <classMutable>true</classMutable>
        </ContextExpressionFoundation>
      </de.metaframe.common.sib.parameter.ContextExpression>
    </parameter>
    <parameter name="variable">
      <de.metaframe.jabc.framework.sib.parameter.ContextKey>
        <ContextKeyFoundation>
          <key>comparison</key>
          <scope>LOCAL</scope>
          <scopeMutable>true</scopeMutable>
        </ContextKeyFoundation>
      </de.metaframe.jabc.framework.sib.parameter.ContextKey>
    </parameter>
    <finalbranches>default</finalbranches>
    <finalbranches>error</finalbranches>
  </sib>
  <edge>
    <source>2809b940-1ec3-43bf-9cba-379fc59b2612</source>
    <target>b9dd7dc0-5c00-4d6e-aa52-6370ddf20b1a</target>
    <point>635.0,375.0</point>
    <point>725.0,450.0</point>
    <labelposition>500.0,0.0</labelposition>
    <branch>ok</branch>
  </edge>
  <edge>
    <source>b9dd7dc0-5c00-4d6e-aa52-6370ddf20b1a</source>
    <target>aa204d84-267d-4b30-aba8-67958e5090dc</target>
    <point>725.0,450.0</point>
    <point>785.0,360.0</point>
    <labelposition>500.0,0.0</labelposition>
    <branch>default</branch>
  </edge>
  <edge>
    <source>aa204d84-267d-4b30-aba8-67958e5090dc</source>
    <target>2809b940-1ec3-43bf-9cba-379fc59b2612</target>
    <point>785.0,360.0</point>
    <point>635.0,375.0</point>
    <labelposition>500.0,0.0</labelposition>
    <branch>equal</branch>
    <branch>less</branch>
  </edge>
  <sib>
    <id>876ef88d-34ef-492e-bacd-a97e1229bd48</id>
    <name>RemoveElement</name>
    <label>finish task</label>
    <sib-uid>collection-sibs/RemoveElement</sib-uid>
    <taxonomy>de.jabc.sib.common.collection.RemoveElement</taxonomy>
    <position>469.5,153.0</position>
    <parameter name="collection">
      <de.metaframe.jabc.framework.sib.parameter.ContextKey>
        <ContextKeyFoundation>
          <key>List</key>
          <scope>DECLARED</scope>
          <scopeMutable>true</scopeMutable>
        </ContextKeyFoundation>
      </de.metaframe.jabc.framework.sib.parameter.ContextKey>
    </parameter>
    <parameter name="element">
      <de.metaframe.jabc.framework.sib.parameter.ContextKey>
        <ContextKeyFoundation>
          <key>elementToBeDeleted</key>
          <scope>LOCAL</scope>
          <scopeMutable>true</scopeMutable>
        </ContextKeyFoundation>
      </de.metaframe.jabc.framework.sib.parameter.ContextKey>
    </parameter>
    <finalbranches>error</finalbranches>
    <finalbranches>false</finalbranches>
    <finalbranches>true</finalbranches>
  </sib>
  <sib>
    <id>9bc879cd-f723-435e-a938-fb88d4e35d88</id>
    <name>GetElement</name>
    <label>get task</label>
    <sib-uid>collection-sibs/GetElement</sib-uid>
    <taxonomy>de.jabc.sib.common.collection.GetElement</taxonomy>
    <position>761.0,228.0</position>
    <parameter name="element">
      <de.metaframe.jabc.framework.sib.parameter.ContextKey>
        <ContextKeyFoundation>
          <key>elementToBeDeleted</key>
          <scope>LOCAL</scope>
          <scopeMutable>true</scopeMutable>
        </ContextKeyFoundation>
      </de.metaframe.jabc.framework.sib.parameter.ContextKey>
    </parameter>
    <parameter name="index">
      <de.metaframe.jabc.framework.sib.parameter.ContextKey>
        <ContextKeyFoundation>
          <key>index</key>
          <scope>DECLARED</scope>
          <scopeMutable>true</scopeMutable>
        </ContextKeyFoundation>
      </de.metaframe.jabc.framework.sib.parameter.ContextKey>
    </parameter>
    <parameter name="list">
      <de.metaframe.jabc.framework.sib.parameter.ContextKey>
        <ContextKeyFoundation>
          <key>List</key>
          <scope>DECLARED</scope>
          <scopeMutable>true</scopeMutable>
        </ContextKeyFoundation>
      </de.metaframe.jabc.framework.sib.parameter.ContextKey>
    </parameter>
    <finalbranches>default</finalbranches>
    <finalbranches>error</finalbranches>
  </sib>
  <edge>
    <source>aa204d84-267d-4b30-aba8-67958e5090dc</source>
    <target>9bc879cd-f723-435e-a938-fb88d4e35d88</target>
    <point>785.0,360.0</point>
    <point>785.0,255.0</point>
    <labelposition>500.0,0.0</labelposition>
    <branch>greater</branch>
  </edge>
  <sib>
    <id>68731869-981d-4b63-8c12-afa45ea6e193</id>
    <name>ShowMessageDialog_4</name>
    <label>finish last task</label>
    <sib-uid>gui-sibs/ShowMessageDialog</sib-uid>
    <taxonomy>de.jabc.sib.common.gui.ShowMessageDialog</taxonomy>
    <position>457.0,228.0</position>
    <parameter name="dialogTitle">
      <de.metaframe.common.sib.parameter.ContextExpression>
        <ContextExpressionFoundation>
          <expression>Title</expression>
          <clazz>java.lang.Object</clazz>
          <classMutable>false</classMutable>
        </ContextExpressionFoundation>
      </de.metaframe.common.sib.parameter.ContextExpression>
    </parameter>
    <parameter name="messageText">
      <de.metaframe.common.sib.parameter.ContextExpression>
        <ContextExpressionFoundation>
          <expression>finish last task in ${List} </expression>
          <clazz>java.lang.Object</clazz>
          <classMutable>false</classMutable>
        </ContextExpressionFoundation>
      </de.metaframe.common.sib.parameter.ContextExpression>
    </parameter>
    <parameter name="messageType">
      <de.metaframe.common.sib.parameter.ListBox>
        <ListBoxFoundation>
          <list>
            <string>Plain</string>
            <string>Information</string>
            <string>Question</string>
            <string>Warning</string>
            <string>Error</string>
          </list>
          <selected>1</selected>
        </ListBoxFoundation>
      </de.metaframe.common.sib.parameter.ListBox>
    </parameter>
    <finalbranches>error</finalbranches>
    <finalbranches>ok</finalbranches>
  </sib>
  <edge>
    <source>2ab21bee-1c2d-4948-b29f-9ec412132113</source>
    <target>68731869-981d-4b63-8c12-afa45ea6e193</target>
    <point>395.0,525.0</point>
    <point>500.0,255.0</point>
    <labelposition>500.0,0.0</labelposition>
    <branch>equal</branch>
  </edge>
  <sib>
    <id>3734b242-7350-4a4b-8cdc-2bb8b3b31dca</id>
    <name>PutInteger</name>
    <label>PutInteger</label>
    <sib-uid>basic-sibs/PutInteger</sib-uid>
    <taxonomy>de.jabc.sib.common.basic.PutInteger</taxonomy>
    <position>590.0,228.0</position>
    <parameter name="value">
      <int>0</int>
    </parameter>
    <parameter name="variable">
      <de.metaframe.jabc.framework.sib.parameter.ContextKey>
        <ContextKeyFoundation>
          <key>index</key>
          <scope>LOCAL</scope>
          <scopeMutable>true</scopeMutable>
        </ContextKeyFoundation>
      </de.metaframe.jabc.framework.sib.parameter.ContextKey>
    </parameter>
    <finalbranches>default</finalbranches>
    <finalbranches>error</finalbranches>
  </sib>
  <edge>
    <source>68731869-981d-4b63-8c12-afa45ea6e193</source>
    <target>3734b242-7350-4a4b-8cdc-2bb8b3b31dca</target>
    <point>500.0,255.0</point>
    <point>620.0,255.0</point>
    <labelposition>500.0,0.0</labelposition>
    <branch>ok</branch>
  </edge>
  <edge>
    <source>3734b242-7350-4a4b-8cdc-2bb8b3b31dca</source>
    <target>9bc879cd-f723-435e-a938-fb88d4e35d88</target>
    <point>620.0,255.0</point>
    <point>785.0,255.0</point>
    <labelposition>500.0,0.0</labelposition>
    <branch>default</branch>
  </edge>
  <sib>
    <id>73a77927-cb84-4332-8715-837bcbf33db8</id>
    <name>ForkSIB</name>
    <label>ForkSIB</label>
    <sib-uid>c0a8b214:2d323631393935303131:1133275548672</sib-uid>
    <taxonomy>de.metaframe.jabc.sib.controlsib.ForkSIB</taxonomy>
    <position>184.5,63.0</position>
    <branch>Thread1</branch>
    <branch>Thread2</branch>
  </sib>
  <edge>
    <source>d3cc798a-038e-4fff-b68e-695f652f7ac3</source>
    <target>73a77927-cb84-4332-8715-837bcbf33db8</target>
    <point>75.0,90.0</point>
    <point>210.0,90.0</point>
    <labelposition>500.0,0.0</labelposition>
    <branch>default</branch>
  </edge>
  <sib>
    <id>bd512852-6b69-4af9-8e82-dcd75a988706</id>
    <name>JoinSIB</name>
    <label>JoinSIB</label>
    <sib-uid>c0a8b214:363235313638323032:1133357461172</sib-uid>
    <taxonomy>de.metaframe.jabc.sib.controlsib.JoinSIB</taxonomy>
    <position>456.5,63.0</position>
    <finalbranches>default</finalbranches>
  </sib>
  <edge>
    <source>73a77927-cb84-4332-8715-837bcbf33db8</source>
    <target>67954e8b-347b-42cc-9c5d-ee2a465e810f</target>
    <point>228.0,81.63529411764706</point>
    <point>447.0,81.63529411764706</point>
    <labelposition>500.0,0.0</labelposition>
    <branch>Thread2</branch>
  </edge>
  <edge>
    <source>67954e8b-347b-42cc-9c5d-ee2a465e810f</source>
    <target>bd512852-6b69-4af9-8e82-dcd75a988706</target>
    <point>483.0,81.63529411764706</point>
    <point>702.0,81.63529411764706</point>
    <labelposition>500.0,0.0</labelposition>
    <branch>ok</branch>
  </edge>
  <sib>
    <id>67954e8b-347b-42cc-9c5d-ee2a465e810f</id>
    <name>ShowMessageDialog_3</name>
    <label>assign order</label>
    <sib-uid>gui-sibs/ShowMessageDialog</sib-uid>
    <taxonomy>de.jabc.sib.common.gui.ShowMessageDialog</taxonomy>
    <position>304.5,108.0</position>
    <parameter name="dialogTitle">
      <de.metaframe.common.sib.parameter.ContextExpression>
        <ContextExpressionFoundation>
          <expression>Title</expression>
          <clazz>java.lang.Object</clazz>
          <classMutable>false</classMutable>
        </ContextExpressionFoundation>
      </de.metaframe.common.sib.parameter.ContextExpression>
    </parameter>
    <parameter name="messageText">
      <de.metaframe.common.sib.parameter.ContextExpression>
        <ContextExpressionFoundation>
          <expression>order assigned</expression>
          <clazz>java.lang.Object</clazz>
          <classMutable>false</classMutable>
        </ContextExpressionFoundation>
      </de.metaframe.common.sib.parameter.ContextExpression>
    </parameter>
    <parameter name="messageType">
      <de.metaframe.common.sib.parameter.ListBox>
        <ListBoxFoundation>
          <list>
            <string>Plain</string>
            <string>Information</string>
            <string>Question</string>
            <string>Warning</string>
            <string>Error</string>
          </list>
          <selected>1</selected>
        </ListBoxFoundation>
      </de.metaframe.common.sib.parameter.ListBox>
    </parameter>
    <finalbranches>error</finalbranches>
    <finalbranches>ok</finalbranches>
  </sib>
  <sib>
    <id>58fd4b4b-57e8-4a33-84ba-bd5a7ea78c18</id>
    <name>ShowMessageDialog_5</name>
    <label>ShowMessageDialog</label>
    <sib-uid>gui-sibs/ShowMessageDialog</sib-uid>
    <taxonomy>de.jabc.sib.common.gui.ShowMessageDialog</taxonomy>
    <position>560.5,153.0</position>
    <parameter name="dialogTitle">
      <de.metaframe.common.sib.parameter.ContextExpression>
        <ContextExpressionFoundation>
          <expression>Title</expression>
          <clazz>java.lang.Object</clazz>
          <classMutable>false</classMutable>
        </ContextExpressionFoundation>
      </de.metaframe.common.sib.parameter.ContextExpression>
    </parameter>
    <parameter name="messageText">
      <de.metaframe.common.sib.parameter.ContextExpression>
        <ContextExpressionFoundation>
          <expression>finish ${elementToBeDeleted}</expression>
          <clazz>java.lang.Object</clazz>
          <classMutable>false</classMutable>
        </ContextExpressionFoundation>
      </de.metaframe.common.sib.parameter.ContextExpression>
    </parameter>
    <parameter name="messageType">
      <de.metaframe.common.sib.parameter.ListBox>
        <ListBoxFoundation>
          <list>
            <string>Plain</string>
            <string>Information</string>
            <string>Question</string>
            <string>Warning</string>
            <string>Error</string>
          </list>
          <selected>1</selected>
        </ListBoxFoundation>
      </de.metaframe.common.sib.parameter.ListBox>
    </parameter>
    <finalbranches>error</finalbranches>
    <finalbranches>ok</finalbranches>
  </sib>
  <edge>
    <source>9bc879cd-f723-435e-a938-fb88d4e35d88</source>
    <target>58fd4b4b-57e8-4a33-84ba-bd5a7ea78c18</target>
    <point>785.0,255.0</point>
    <point>620.0,180.0</point>
    <labelposition>500.0,0.0</labelposition>
    <branch>default</branch>
  </edge>
  <edge>
    <source>58fd4b4b-57e8-4a33-84ba-bd5a7ea78c18</source>
    <target>876ef88d-34ef-492e-bacd-a97e1229bd48</target>
    <point>620.0,180.0</point>
    <point>500.0,180.0</point>
    <labelposition>500.0,0.0</labelposition>
    <branch>ok</branch>
  </edge>
  <sib>
    <id>1bc0d793-ecb3-4702-922d-3f3f842d591e</id>
    <name>&lt;New&gt;</name>
    <label>&lt;New&gt;</label>
    <sib-uid>00000000:00000000000000000000:0000000000011</sib-uid>
    <taxonomy>de.metaframe.jabc.sib.GraphSIB</taxonomy>
    <position>321.0,23.0</position>
    <branch>default</branch>
    <userobject key="ABC$GRAPHSIB$MODELNAME">
      <string>&lt;New&gt;</string>
    </userobject>
    <userobject key="ABC$GRAPHSIB$MODELID">
      <string>8d9de7bb-c963-48f7-8087-37d86e9696c5</string>
    </userobject>
  </sib>
  <edge>
    <source>73a77927-cb84-4332-8715-837bcbf33db8</source>
    <target>1bc0d793-ecb3-4702-922d-3f3f842d591e</target>
    <point>210.0,90.0</point>
    <point>465.0,30.0</point>
    <labelposition>500.0,0.0</labelposition>
    <branch>Thread1</branch>
  </edge>
  <edge>
    <source>1bc0d793-ecb3-4702-922d-3f3f842d591e</source>
    <target>bd512852-6b69-4af9-8e82-dcd75a988706</target>
    <point>465.0,30.0</point>
    <point>720.0,90.0</point>
    <labelposition>500.0,0.0</labelposition>
    <branch>default</branch>
  </edge>
  <sib>
    <id>77b24c61-d6e8-427d-b47a-6ab50841142b</id>
    <name>&lt;New&gt;_1</name>
    <label>&lt;New&gt;</label>
    <sib-uid>00000000:00000000000000000000:0000000000011</sib-uid>
    <taxonomy>de.metaframe.jabc.sib.GraphSIB</taxonomy>
    <position>29.0,503.0</position>
    <branch>default</branch>
    <userobject key="ABC$GRAPHSIB$MODELNAME">
      <string>&lt;New&gt;</string>
    </userobject>
    <userobject key="ABC$GRAPHSIB$MODELID">
      <string>8d9de7bb-c963-48f7-8087-37d86e9696c5</string>
    </userobject>
  </sib>
  <edge>
    <source>77b24c61-d6e8-427d-b47a-6ab50841142b</source>
    <target>2d273dd5-8576-457d-b4e3-5048a7968203</target>
    <point>50.0,525.0</point>
    <point>260.0,525.0</point>
    <labelposition>500.0,0.0</labelposition>
    <branch>default</branch>
  </edge>
  <edge>
    <source>bd512852-6b69-4af9-8e82-dcd75a988706</source>
    <target>77b24c61-d6e8-427d-b47a-6ab50841142b</target>
    <point>840.0,150.0</point>
    <point>104.0,806.0</point>
    <branch>default</branch>
  </edge>
  <edge>
    <source>876ef88d-34ef-492e-bacd-a97e1229bd48</source>
    <target>77b24c61-d6e8-427d-b47a-6ab50841142b</target>
    <point>500.0,180.0</point>
    <point>50.0,525.0</point>
    <labelposition>500.0,0.0</labelposition>
    <branch>true</branch>
  </edge>
  <values/>
</model>